ema_fast,ema_slow,sl,rr,adx,score,pf,ret,dd,wr,n_trades,wf_score,stability
8,32,1.5,5.0,25,0.55,1.7388515893811534,48229.32307887112,9926.366377749713,0.4067796610169492,118,16.115185521473638,0.5962402903592048
8,32,1.5,5.0,25,0.6,1.7388515893811534,48229.32307887112,9926.366377749713,0.4067796610169492,118,16.115185521473638,0.5962402903592048
8,32,1.5,5.0,28,0.55,1.7388515893811534,48229.32307887112,9926.366377749713,0.4067796610169492,118,16.115185521473638,0.5962402903592048
8,32,1.5,5.0,25,0.65,1.7388515893811534,48229.32307887112,9926.366377749713,0.4067796610169492,118,16.115185521473638,0.5962402903592048
8,32,1.5,5.0,28,0.6,1.7388515893811534,48229.32307887112,9926.366377749713,0.4067796610169492,118,16.115185521473638,0.5962402903592048
8,32,1.5,5.0,28,0.65,1.7388515893811534,48229.32307887112,9926.366377749713,0.4067796610169492,118,16.115185521473638,0.5962402903592048
10,40,1.5,5.0,25,0.6,1.6824019422904035,41309.35491338816,9536.251013497706,0.41379310344827586,116,9.974025313829005,0.5962402903592048
10,40,1.5,5.0,25,0.55,1.6824019422904035,41309.35491338816,9536.251013497706,0.41379310344827586,116,9.974025313829005,0.5962402903592048
10,40,1.5,5.0,25,0.65,1.6824019422904035,41309.35491338816,9536.251013497706,0.41379310344827586,116,9.974025313829005,0.5962402903592048
10,40,1.5,5.0,28,0.55,1.6824019422904035,41309.35491338816,9536.251013497706,0.41379310344827586,116,9.974025313829005,0.5962402903592048
10,40,1.5,5.0,28,0.6,1.6824019422904035,41309.35491338816,9536.251013497706,0.41379310344827586,116,9.974025313829005,0.5962402903592048
10,40,1.5,5.0,28,0.65,1.6824019422904035,41309.35491338816,9536.251013497706,0.41379310344827586,116,9.974025313829005,0.5962402903592048
10,40,1.5,2.5,25,0.55,1.5060196387467235,22966.44648624992,7809.783136277401,0.4453125,128,7.5753578224865254,0.5962402903592048
10,40,1.5,2.5,25,0.6,1.5060196387467235,22966.44648624992,7809.783136277401,0.4453125,128,7.5753578224865254,0.5962402903592048
10,40,1.5,2.5,25,0.65,1.5060196387467235,22966.44648624992,7809.783136277401,0.4453125,128,7.5753578224865254,0.5962402903592048
10,40,1.5,2.5,28,0.6,1.5060196387467235,22966.44648624992,7809.783136277401,0.4453125,128,7.5753578224865254,0.5962402903592048
10,40,1.5,2.5,28,0.65,1.5060196387467235,22966.44648624992,7809.783136277401,0.4453125,128,7.5753578224865254,0.5962402903592048
10,40,1.5,2.5,28,0.55,1.5060196387467235,22966.44648624992,7809.783136277401,0.4453125,128,7.5753578224865254,0.5962402903592048
8,32,1.5,2.5,28,0.6,1.327475303130815,17030.38544198965,11333.775169667497,0.4307692307692308,130,6.071689001513477,0.5962402903592048
8,32,1.5,2.5,28,0.55,1.327475303130815,17030.38544198965,11333.775169667497,0.4307692307692308,130,6.071689001513477,0.5962402903592048
8,32,1.5,2.5,28,0.65,1.327475303130815,17030.38544198965,11333.775169667497,0.4307692307692308,130,6.071689001513477,0.5962402903592048
8,32,1.5,2.5,25,0.55,1.2803554721841284,15116.486130749601,11333.775169667497,0.4307692307692308,130,5.7095381364289715,0.5962402903592048
8,32,1.5,2.5,25,0.6,1.2803554721841284,15116.486130749601,11333.775169667497,0.4307692307692308,130,5.7095381364289715,0.5962402903592048
8,32,1.5,2.5,25,0.65,1.2803554721841284,15116.486130749601,11333.775169667497,0.4307692307692308,130,5.7095381364289715,0.5962402903592048
12,48,1.5,5.0,25,0.55,1.6299866325607888,39031.568562821645,8905.25544500997,0.4083333333333333,120,3.8437129576026634,0.5962402903592048
12,48,1.5,5.0,25,0.6,1.6299866325607888,39031.568562821645,8905.25544500997,0.4083333333333333,120,3.8437129576026634,0.5962402903592048
12,48,1.5,5.0,25,0.65,1.6299866325607888,39031.568562821645,8905.25544500997,0.4083333333333333,120,3.8437129576026634,0.5962402903592048
12,48,1.5,5.0,28,0.55,1.6299866325607888,39031.568562821645,8905.25544500997,0.4083333333333333,120,3.8437129576026634,0.5962402903592048
12,48,1.5,5.0,28,0.65,1.6299866325607888,39031.568562821645,8905.25544500997,0.4083333333333333,120,3.8437129576026634,0.5962402903592048
12,48,1.5,5.0,28,0.6,1.6299866325607888,39031.568562821645,8905.25544500997,0.4083333333333333,120,3.8437129576026634,0.5962402903592048
10,40,1.5,2.0,28,0.55,1.2349362439239446,10812.360491305863,9655.409167871927,0.4444444444444444,135,2.9298037220831605,0.5962402903592048
10,40,1.5,2.0,28,0.6,1.2349362439239446,10812.360491305863,9655.409167871927,0.4444444444444444,135,2.9298037220831605,0.5962402903592048
10,40,1.5,2.0,28,0.65,1.2349362439239446,10812.360491305863,9655.409167871927,0.4444444444444444,135,2.9298037220831605,0.5962402903592048
12,48,1.5,2.5,25,0.55,1.3480801940600762,16954.74563396889,7809.783136277343,0.44029850746268656,134,2.907431998171544,0.5962402903592048
12,48,1.5,2.5,25,0.6,1.3480801940600762,16954.74563396889,7809.783136277343,0.44029850746268656,134,2.907431998171544,0.5962402903592048
12,48,1.5,2.5,25,0.65,1.3480801940600762,16954.74563396889,7809.783136277343,0.44029850746268656,134,2.907431998171544,0.5962402903592048
12,48,1.5,2.5,28,0.55,1.3480801940600762,16954.74563396889,7809.783136277343,0.44029850746268656,134,2.907431998171544,0.5962402903592048
12,48,1.5,2.5,28,0.6,1.3480801940600762,16954.74563396889,7809.783136277343,0.44029850746268656,134,2.907431998171544,0.5962402903592048
12,48,1.5,2.5,28,0.65,1.3480801940600762,16954.74563396889,7809.783136277343,0.44029850746268656,134,2.907431998171544,0.5962402903592048
10,40,1.5,2.0,25,0.55,1.1856304523238226,8898.461180065817,9655.409167871869,0.4444444444444444,135,2.669232343371924,0.5962402903592048
10,40,1.5,2.0,25,0.6,1.1856304523238226,8898.461180065817,9655.409167871869,0.4444444444444444,135,2.669232343371924,0.5962402903592048
10,40,1.5,2.0,25,0.65,1.1856304523238226,8898.461180065817,9655.409167871869,0.4444444444444444,135,2.669232343371924,0.5962402903592048
15,60,1.5,5.0,25,0.55,1.3223226666004633,22455.552218956353,12290.93628500012,0.391304347826087,115,2.3209423521650385,0.5962402903592048
15,60,1.5,5.0,25,0.6,1.3223226666004633,22455.552218956353,12290.93628500012,0.391304347826087,115,2.3209423521650385,0.5962402903592048
15,60,1.5,5.0,28,0.6,1.3223226666004633,22455.552218956353,12290.93628500012,0.391304347826087,115,2.3209423521650385,0.5962402903592048
15,60,1.5,5.0,25,0.65,1.3223226666004633,22455.552218956353,12290.93628500012,0.391304347826087,115,2.3209423521650385,0.5962402903592048
15,60,1.5,5.0,28,0.55,1.3223226666004633,22455.552218956353,12290.93628500012,0.391304347826087,115,2.3209423521650385,0.5962402903592048
15,60,1.5,5.0,28,0.65,1.3223226666004633,22455.552218956353,12290.93628500012,0.391304347826087,115,2.3209423521650385,0.5962402903592048
15,60,1.5,2.5,25,0.55,1.3158252122305338,15587.89208477013,8645.839915799734,0.44274809160305345,131,2.225911626027731,0.5962402903592048
15,60,1.5,2.5,25,0.6,1.3158252122305338,15587.89208477013,8645.839915799734,0.44274809160305345,131,2.225911626027731,0.5962402903592048
15,60,1.5,2.5,25,0.65,1.3158252122305338,15587.89208477013,8645.839915799734,0.44274809160305345,131,2.225911626027731,0.5962402903592048
15,60,1.5,2.5,28,0.55,1.3158252122305338,15587.89208477013,8645.839915799734,0.44274809160305345,131,2.225911626027731,0.5962402903592048
15,60,1.5,2.5,28,0.6,1.3158252122305338,15587.89208477013,8645.839915799734,0.44274809160305345,131,2.225911626027731,0.5962402903592048
15,60,1.5,2.5,28,0.65,1.3158252122305338,15587.89208477013,8645.839915799734,0.44274809160305345,131,2.225911626027731,0.5962402903592048
8,32,1.5,2.0,28,0.55,1.1530271202417572,7743.159269126425,12318.678708620602,0.43795620437956206,137,2.180082592103965,0.5962402903592048
8,32,1.5,2.0,28,0.65,1.1530271202417572,7743.159269126425,12318.678708620602,0.43795620437956206,137,2.180082592103965,0.5962402903592048
8,32,1.5,2.0,28,0.6,1.1530271202417572,7743.159269126425,12318.678708620602,0.43795620437956206,137,2.180082592103965,0.5962402903592048
8,32,1.5,2.0,25,0.6,1.1110043145789479,5829.259957886379,12318.678708620602,0.43795620437956206,137,1.9343353695638006,0.5962402903592048
8,32,1.5,2.0,25,0.55,1.1110043145789479,5829.259957886379,12318.678708620602,0.43795620437956206,137,1.9343353695638006,0.5962402903592048
8,32,1.5,2.0,25,0.65,1.1110043145789479,5829.259957886379,12318.678708620602,0.43795620437956206,137,1.9343353695638006,0.5962402903592048
8,32,2.0,5.0,25,0.55,1.5008065054071444,32949.422814183425,16391.283770028618,0.44274809160305345,131,1.434942876094416,0.5962402903592048
8,32,2.0,5.0,25,0.6,1.5008065054071444,32949.422814183425,16391.283770028618,0.44274809160305345,131,1.434942876094416,0.5962402903592048
8,32,2.0,5.0,25,0.65,1.5008065054071444,32949.422814183425,16391.283770028618,0.44274809160305345,131,1.434942876094416,0.5962402903592048
8,32,2.0,5.0,28,0.55,1.5008065054071444,32949.422814183425,16391.283770028618,0.44274809160305345,131,1.434942876094416,0.5962402903592048
8,32,2.0,5.0,28,0.6,1.5008065054071444,32949.422814183425,16391.283770028618,0.44274809160305345,131,1.434942876094416,0.5962402903592048
8,32,2.0,5.0,28,0.65,1.5008065054071444,32949.422814183425,16391.283770028618,0.44274809160305345,131,1.434942876094416,0.5962402903592048
15,60,1.5,2.0,28,0.6,1.2021909289819834,9131.087022387259,11953.241978566104,0.45255474452554745,137,1.1481422142563629,0.5962402903592048
15,60,1.5,2.0,28,0.55,1.2021909289819834,9131.087022387259,11953.241978566104,0.45255474452554745,137,1.1481422142563629,0.5962402903592048
15,60,1.5,2.0,28,0.65,1.2021909289819834,9131.087022387259,11953.241978566104,0.45255474452554745,137,1.1481422142563629,0.5962402903592048
12,48,1.5,2.0,25,0.55,1.1589876155099343,7379.541681962526,9894.622821617173,0.4397163120567376,141,1.1311529915634397,0.5962402903592048
12,48,1.5,2.0,25,0.6,1.1589876155099343,7379.541681962526,9894.622821617173,0.4397163120567376,141,1.1311529915634397,0.5962402903592048
12,48,1.5,2.0,25,0.65,1.1589876155099343,7379.541681962526,9894.622821617173,0.4397163120567376,141,1.1311529915634397,0.5962402903592048
12,48,1.5,2.0,28,0.55,1.1589876155099343,7379.541681962526,9894.622821617173,0.4397163120567376,141,1.1311529915634397,0.5962402903592048
12,48,1.5,2.0,28,0.6,1.1589876155099343,7379.541681962526,9894.622821617173,0.4397163120567376,141,1.1311529915634397,0.5962402903592048
12,48,1.5,2.0,28,0.65,1.1589876155099343,7379.541681962526,9894.622821617173,0.4397163120567376,141,1.1311529915634397,0.5962402903592048
10,40,2.0,5.0,25,0.55,1.314002220644271,20319.52344427909,12749.809905468603,0.432,125,1.0716006715964261,0.5962402903592048
10,40,2.0,5.0,25,0.6,1.314002220644271,20319.52344427909,12749.809905468603,0.432,125,1.0716006715964261,0.5962402903592048
10,40,2.0,5.0,25,0.65,1.314002220644271,20319.52344427909,12749.809905468603,0.432,125,1.0716006715964261,0.5962402903592048
10,40,2.0,5.0,28,0.6,1.314002220644271,20319.52344427909,12749.809905468603,0.432,125,1.0716006715964261,0.5962402903592048
10,40,2.0,5.0,28,0.55,1.314002220644271,20319.52344427909,12749.809905468603,0.432,125,1.0716006715964261,0.5962402903592048
10,40,2.0,5.0,28,0.65,1.314002220644271,20319.52344427909,12749.809905468603,0.432,125,1.0716006715964261,0.5962402903592048
15,60,1.5,2.0,25,0.55,1.153313792127821,7217.187711147213,11953.241978566104,0.45255474452554745,137,1.0482671747331382,0.5962402903592048
15,60,1.5,2.0,25,0.6,1.153313792127821,7217.187711147213,11953.241978566104,0.45255474452554745,137,1.0482671747331382,0.5962402903592048
15,60,1.5,2.0,25,0.65,1.153313792127821,7217.187711147213,11953.241978566104,0.45255474452554745,137,1.0482671747331382,0.5962402903592048
12,48,2.0,2.5,25,0.55,0.9207970654525075,-4355.694407113766,14578.7934807376,0.45454545454545453,143,0.9933469479974276,0.5962402903592048
12,48,2.0,2.5,25,0.6,0.9207970654525075,-4355.694407113766,14578.7934807376,0.45454545454545453,143,0.9933469479974276,0.5962402903592048
12,48,2.0,2.5,25,0.65,0.9207970654525075,-4355.694407113766,14578.7934807376,0.45454545454545453,143,0.9933469479974276,0.5962402903592048
12,48,2.0,2.5,28,0.6,0.9651034344235244,-1831.002266193686,14578.7934807376,0.45454545454545453,143,0.9737878805879902,0.5962402903592048
12,48,2.0,2.5,28,0.55,0.9651034344235244,-1831.002266193686,14578.7934807376,0.45454545454545453,143,0.9737878805879902,0.5962402903592048
12,48,2.0,2.5,28,0.65,0.9651034344235244,-1831.002266193686,14578.7934807376,0.45454545454545453,143,0.9737878805879902,0.5962402903592048
15,60,2.0,2.0,28,0.55,1.5162495652185053,17826.66818437716,12304.97099097923,0.4966442953020134,149,0.9380831984245332,0.5962402903592048
15,60,2.0,2.0,28,0.6,1.5162495652185053,17826.66818437716,12304.97099097923,0.4966442953020134,149,0.9380831984245332,0.5962402903592048
15,60,2.0,2.0,28,0.65,1.5162495652185053,17826.66818437716,12304.97099097923,0.4966442953020134,149,0.9380831984245332,0.5962402903592048
12,48,2.0,2.0,28,0.55,1.1094700566523577,4847.5548926738265,12304.970990979287,0.46794871794871795,156,0.8454017472834616,0.5962402903592048
12,48,2.0,2.0,28,0.6,1.1094700566523577,4847.5548926738265,12304.970990979287,0.46794871794871795,156,0.8454017472834616,0.5962402903592048
12,48,2.0,2.0,28,0.65,1.1094700566523577,4847.5548926738265,12304.970990979287,0.46794871794871795,156,0.8454017472834616,0.5962402903592048
15,60,2.0,2.0,25,0.55,1.412944182309743,15301.97604345708,12304.970990979287,0.4966442953020134,149,0.7867232631595301,0.5962402903592048
15,60,2.0,2.0,25,0.65,1.412944182309743,15301.97604345708,12304.970990979287,0.4966442953020134,149,0.7867232631595301,0.5962402903592048
15,60,2.0,2.0,25,0.6,1.412944182309743,15301.97604345708,12304.970990979287,0.4966442953020134,149,0.7867232631595301,0.5962402903592048
12,48,2.0,2.0,25,0.55,1.0496267052756396,2322.862751753747,12304.970990979287,0.46794871794871795,156,0.7757941252799022,0.5962402903592048
12,48,2.0,2.0,25,0.65,1.0496267052756396,2322.862751753747,12304.970990979287,0.46794871794871795,156,0.7757941252799022,0.5962402903592048
12,48,2.0,2.0,25,0.6,1.0496267052756396,2322.862751753747,12304.970990979287,0.46794871794871795,156,0.7757941252799022,0.5962402903592048
12,48,2.0,5.0,25,0.6,1.3065106158525523,20415.085619668513,16496.65780089778,0.4453125,128,0.7615666982760627,0.5962402903592048
12,48,2.0,5.0,25,0.55,1.3065106158525523,20415.085619668513,16496.65780089778,0.4453125,128,0.7615666982760627,0.5962402903592048
12,48,2.0,5.0,25,0.65,1.3065106158525523,20415.085619668513,16496.65780089778,0.4453125,128,0.7615666982760627,0.5962402903592048
12,48,2.0,5.0,28,0.55,1.3065106158525523,20415.085619668513,16496.65780089778,0.4453125,128,0.7615666982760627,0.5962402903592048
12,48,2.0,5.0,28,0.6,1.3065106158525523,20415.085619668513,16496.65780089778,0.4453125,128,0.7615666982760627,0.5962402903592048
12,48,2.0,5.0,28,0.65,1.3065106158525523,20415.085619668513,16496.65780089778,0.4453125,128,0.7615666982760627,0.5962402903592048
10,40,2.0,2.5,28,0.55,1.0012551864726664,63.60040692496233,14351.693496061082,0.45985401459854014,137,0.6691604532083146,0.5962402903592048
10,40,2.0,2.5,28,0.6,1.0012551864726664,63.60040692496233,14351.693496061082,0.45985401459854014,137,0.6691604532083146,0.5962402903592048
10,40,2.0,2.5,28,0.65,1.0012551864726664,63.60040692496233,14351.693496061082,0.45985401459854014,137,0.6691604532083146,0.5962402903592048
10,40,2.0,2.5,25,0.6,0.9537343362462628,-2461.091733995117,14351.693496061082,0.45985401459854014,137,0.6276019639551613,0.5962402903592048
10,40,2.0,2.5,25,0.55,0.9537343362462628,-2461.091733995117,14351.693496061082,0.45985401459854014,137,0.6276019639551613,0.5962402903592048
10,40,2.0,2.5,25,0.65,0.9537343362462628,-2461.091733995117,14351.693496061082,0.45985401459854014,137,0.6276019639551613,0.5962402903592048
10,40,2.0,2.0,25,0.55,0.8984720399184423,-5194.305939208964,14003.795951360313,0.46853146853146854,143,0.49352637976936375,0.5962402903592048
10,40,2.0,2.0,25,0.65,0.8984720399184423,-5194.305939208964,14003.795951360313,0.46853146853146854,143,0.49352637976936375,0.5962402903592048
10,40,2.0,2.0,25,0.6,0.8984720399184423,-5194.305939208964,14003.795951360313,0.46853146853146854,143,0.49352637976936375,0.5962402903592048
8,32,2.0,2.5,28,0.6,1.1240911496372297,6574.471329535371,17242.44336939993,0.4642857142857143,140,0.471184525288773,0.5962402903592048
8,32,2.0,2.5,28,0.55,1.1240911496372297,6574.471329535371,17242.44336939993,0.4642857142857143,140,0.471184525288773,0.5962402903592048
8,32,2.0,2.5,28,0.65,1.1240911496372297,6574.471329535371,17242.44336939993,0.4642857142857143,140,0.471184525288773,0.5962402903592048
10,40,2.0,2.0,28,0.6,0.9451110590264483,-2669.613798288885,14003.795951360255,0.46853146853146854,143,0.40827621499371003,0.5962402903592048
10,40,2.0,2.0,28,0.55,0.9451110590264483,-2669.613798288885,14003.795951360255,0.46853146853146854,143,0.40827621499371003,0.5962402903592048
10,40,2.0,2.0,28,0.65,0.9451110590264483,-2669.613798288885,14003.795951360255,0.46853146853146854,143,0.40827621499371003,0.5962402903592048
15,60,2.0,5.0,25,0.55,1.25203709779697,17458.467585667193,23485.13372351328,0.4418604651162791,129,0.4032081547386717,0.5962402903592048
15,60,2.0,5.0,25,0.6,1.25203709779697,17458.467585667193,23485.13372351328,0.4418604651162791,129,0.4032081547386717,0.5962402903592048
15,60,2.0,5.0,25,0.65,1.25203709779697,17458.467585667193,23485.13372351328,0.4418604651162791,129,0.4032081547386717,0.5962402903592048
15,60,2.0,5.0,28,0.55,1.25203709779697,17458.467585667193,23485.13372351328,0.4418604651162791,129,0.4032081547386717,0.5962402903592048
15,60,2.0,5.0,28,0.6,1.25203709779697,17458.467585667193,23485.13372351328,0.4418604651162791,129,0.4032081547386717,0.5962402903592048
15,60,2.0,5.0,28,0.65,1.25203709779697,17458.467585667193,23485.13372351328,0.4418604651162791,129,0.4032081547386717,0.5962402903592048
8,32,2.0,2.5,25,0.6,1.0729615311791156,4049.779188615292,17242.44336939993,0.4642857142857143,140,0.3654460246175196,0.5962402903592048
8,32,2.0,2.5,25,0.55,1.0729615311791156,4049.779188615292,17242.44336939993,0.4642857142857143,140,0.3654460246175196,0.5962402903592048
8,32,2.0,2.5,25,0.65,1.0729615311791156,4049.779188615292,17242.44336939993,0.4642857142857143,140,0.3654460246175196,0.5962402903592048
15,60,2.0,2.5,28,0.6,1.0810569588220047,3862.7768008937683,17306.86396035034,0.4785714285714286,140,0.3524794733537394,0.5962402903592048
15,60,2.0,2.5,28,0.55,1.0810569588220047,3862.7768008937683,17306.86396035034,0.4785714285714286,140,0.3524794733537394,0.5962402903592048
15,60,2.0,2.5,28,0.65,1.0810569588220047,3862.7768008937683,17306.86396035034,0.4785714285714286,140,0.3524794733537394,0.5962402903592048
8,32,2.0,2.0,28,0.55,1.101939104413749,5205.493984093739,19103.751725211856,0.46938775510204084,147,0.3272857980276433,0.5962402903592048
8,32,2.0,2.0,28,0.6,1.101939104413749,5205.493984093739,19103.751725211856,0.46938775510204084,147,0.3272857980276433,0.5962402903592048
8,32,2.0,2.0,28,0.65,1.101939104413749,5205.493984093739,19103.751725211856,0.46938775510204084,147,0.3272857980276433,0.5962402903592048
15,60,2.0,2.5,25,0.55,1.0266658115897676,1338.0846599736888,17306.86396035034,0.4785714285714286,140,0.3121053779605357,0.5962402903592048
15,60,2.0,2.5,25,0.6,1.0266658115897676,1338.0846599736888,17306.86396035034,0.4785714285714286,140,0.3121053779605357,0.5962402903592048
15,60,2.0,2.5,25,0.65,1.0266658115897676,1338.0846599736888,17306.86396035034,0.4785714285714286,140,0.3121053779605357,0.5962402903592048
8,32,2.0,2.0,25,0.55,1.0500248216208485,2680.801843173659,19103.751725211856,0.46938775510204084,147,0.23020026342334285,0.5962402903592048
8,32,2.0,2.0,25,0.6,1.0500248216208485,2680.801843173659,19103.751725211856,0.46938775510204084,147,0.23020026342334285,0.5962402903592048
8,32,2.0,2.0,25,0.65,1.0500248216208485,2680.801843173659,19103.751725211856,0.46938775510204084,147,0.23020026342334285,0.5962402903592048
